{
    "global": {
        "userAgent": "Mozilla/5.0 (Windows NT 10.0; Win64; x64) AppleWebKit/537.36 (KHTML, like Gecko) Chrome/127.0.0.0 Safari/537.36",
        "size": {
            "width": 600,
            "height": 450
        }
    },
    "tiktok": {
        "userAgent": "Mozilla/5.0 (Windows NT 10.0; Win64; x64) AppleWebKit/537.36 (KHTML, like Gecko) Chrome/127.0.0.0 Safari/537.36",
        "size": {
            "width": 1100,
            "height": 600
        },
        "wss": {
            "size": {
                "width": 600,
                "height": 450
            }
        }
    }
}